{"cameraMode":{"drawMode":0,"name":"Shaded","section":"Shading Mode"},"sceneLighting":true,"audioPlay":false,"sceneViewState":{"showFog":true,"showMaterialUpdate":false,"showSkybox":true,"showFlares":true,"showImageEffects":true,"showParticleSystems":true},"in2DMode":false,"pivot":{"x":6.300533294677734,"y":6.123061180114746,"z":2.5653505325317385},"rotation":{"x":0.3412152826786041,"y":-0.29442840814590456,"z":0.11343973875045777,"w":0.8854615688323975},"size":20.064550399780275,"orthographic":false}