{"cameraMode":{"drawMode":0,"name":"Shaded","section":"Shading Mode"},"sceneLighting":true,"audioPlay":false,"sceneViewState":{"showFog":true,"showMaterialUpdate":false,"showSkybox":true,"showFlares":true,"showImageEffects":true,"showParticleSystems":true},"in2DMode":false,"pivot":{"x":110.85986328125,"y":157.45018005371095,"z":42.159820556640628},"rotation":{"x":0.10755440592765808,"y":0.09973297268152237,"z":-0.010875890962779522,"w":0.9891552329063416},"size":458.1331481933594,"orthographic":false}