{"cameraMode":{"drawMode":0,"name":"Shaded","section":"Shading Mode"},"sceneLighting":true,"audioPlay":false,"sceneViewState":{"showFog":true,"showMaterialUpdate":false,"showSkybox":true,"showFlares":true,"showImageEffects":true,"showParticleSystems":true},"in2DMode":false,"pivot":{"x":348.71728515625,"y":1941.2998046875,"z":4222.9716796875},"rotation":{"x":0.35904040932655337,"y":-0.4829203486442566,"z":0.2263306975364685,"w":0.7659714818000794},"size":18519.158203125,"orthographic":false}