{"cameraMode":{"drawMode":0,"name":"Shaded","section":"Shading Mode"},"sceneLighting":true,"audioPlay":false,"sceneViewState":{"showFog":true,"showMaterialUpdate":false,"showSkybox":true,"showFlares":true,"showImageEffects":true,"showParticleSystems":true},"in2DMode":false,"pivot":{"x":-0.0040000081062316898,"y":0.014009499922394753,"z":12.57450008392334},"rotation":{"x":0.24490554630756379,"y":-0.33598268032073977,"z":0.09095808118581772,"w":0.9049401879310608},"size":0.49841511249542239,"orthographic":false}